{
  "version": 1,
  "author": "Anonymous maker",
  "editor": "wokwi",
  "parts": [
    { "type": "wokwi-breadboard-half", "id": "bb1", "top": 131.4, "left": -131.6, "attrs": {} },
    { "type": "wokwi-arduino-uno", "id": "uno", "top": -162.6, "left": -154.2, "attrs": {} },
    { "type": "wokwi-lcd1602", "id": "lcd1", "top": 51.43, "left": -3.2, "attrs": {} },
    {
      "type": "wokwi-resistor",
      "id": "r1",
      "top": 283.2,
      "left": 133.85,
      "rotate": 90,
      "attrs": { "value": "220" }
    },
    { "type": "wokwi-potentiometer", "id": "pot2", "top": 219.5, "left": -134.6, "attrs": {} },
    {
      "type": "wokwi-ntc-temperature-sensor",
      "id": "ntc1",
      "top": 69.8,
      "left": -221.4,
      "attrs": {}
    },
    {
      "type": "wokwi-resistor",
      "id": "r2",
      "top": 157,
      "left": -77.65,
      "rotate": 270,
      "attrs": { "value": "10000" }
    }
  ],
  "connections": [
    [ "uno:GND.2", "bb1:bn.1", "black", [ "v28.7", "h-159.3", "v278.4" ] ],
    [ "uno:5V", "bb1:bp.1", "red", [ "v38.3", "h-140.2", "v249.6" ] ],
    [ "uno:2", "bb1:28t.b", "green", [ "v192", "h71.3" ] ],
    [ "uno:3", "bb1:27t.b", "green", [ "v-19.2", "h80.8" ] ],
    [ "uno:4", "bb1:26t.b", "green", [ "v-28.8", "h71.1" ] ],
    [ "uno:5", "bb1:25t.b", "green", [ "v-38.4", "h61.4" ] ],
    [ "bb1:29b.f", "bb1:29t.e", "red", [ "v0" ] ],
    [ "pot2:GND", "bb1:bn.2", "black", [ "v0" ] ],
    [ "pot2:VCC", "bb1:bp.2", "red", [ "v0" ] ],
    [ "bb1:2b.j", "bb1:17b.j", "green", [ "v9.6", "h144" ] ],
    [ "bb1:17b.f", "bb1:17t.e", "green", [ "v0" ] ],
    [ "lcd1:V0", "bb1:17t.b", "green", [ "v0" ] ],
    [ "bb1:15t.e", "bb1:15b.f", "black", [ "v0" ] ],
    [ "bb1:15b.j", "bb1:bn.12", "black", [ "v0" ] ],
    [ "bb1:30t.b", "bb1:bn.25", "black", [ "v0", "h28.8", "v134.4" ] ],
    [ "bb1:16t.e", "bb1:16b.f", "red", [ "v0" ] ],
    [ "bb1:16b.j", "bb1:bp.13", "red", [ "v0" ] ],
    [ "uno:11", "bb1:20t.b", "green", [ "v9.6", "h115.8" ] ],
    [ "uno:12", "bb1:18t.b", "green", [ "v201.6", "h77.3" ] ],
    [ "bb1:19t.e", "bb1:19b.f", "black", [ "v0" ] ],
    [ "bb1:19b.j", "bb1:bn.15", "black", [ "v0" ] ],
    [ "lcd1:VSS", "bb1:15t.a", "", [ "$bb" ] ],
    [ "lcd1:VDD", "bb1:16t.a", "", [ "$bb" ] ],
    [ "lcd1:V0", "bb1:17t.a", "", [ "$bb" ] ],
    [ "lcd1:RS", "bb1:18t.a", "", [ "$bb" ] ],
    [ "lcd1:RW", "bb1:19t.a", "", [ "$bb" ] ],
    [ "lcd1:E", "bb1:20t.a", "", [ "$bb" ] ],
    [ "lcd1:D0", "bb1:21t.a", "", [ "$bb" ] ],
    [ "lcd1:D1", "bb1:22t.a", "", [ "$bb" ] ],
    [ "lcd1:D2", "bb1:23t.a", "", [ "$bb" ] ],
    [ "lcd1:D3", "bb1:24t.a", "", [ "$bb" ] ],
    [ "lcd1:D4", "bb1:25t.a", "", [ "$bb" ] ],
    [ "lcd1:D5", "bb1:26t.a", "", [ "$bb" ] ],
    [ "lcd1:D6", "bb1:27t.a", "", [ "$bb" ] ],
    [ "lcd1:D7", "bb1:28t.a", "", [ "$bb" ] ],
    [ "lcd1:A", "bb1:29t.a", "", [ "$bb" ] ],
    [ "lcd1:K", "bb1:30t.a", "", [ "$bb" ] ],
    [ "r1:1", "bb1:29b.g", "", [ "$bb" ] ],
    [ "r1:2", "bb1:bp.24", "", [ "$bb" ] ],
    [ "pot2:GND", "bb1:1b.j", "", [ "$bb" ] ],
    [ "pot2:SIG", "bb1:2b.j", "", [ "$bb" ] ],
    [ "pot2:VCC", "bb1:3b.j", "", [ "$bb" ] ],
    [ "ntc1:GND", "uno:GND.3", "black", [ "h0" ] ],
    [ "uno:A0", "ntc1:OUT", "#8f4814", [ "v0" ] ],
    [ "ntc1:VCC", "r2:2", "red", [ "h0" ] ],
    [ "r2:1", "bb1:7t.b", "", [ "$bb" ] ],
    [ "bb1:bp.6", "bb1:7t.e", "red", [ "v0" ] ]
  ],
  "dependencies": {}
}