{
  "version": 1,
  "author": "Anonymous maker",
  "editor": "wokwi",
  "parts": [
    { "type": "wokwi-breadboard-half", "id": "bb1", "top": 16.2, "left": 118, "attrs": {} },
    { "type": "wokwi-arduino-uno", "id": "uno", "top": -37.8, "left": -202.2, "attrs": {} },
    {
      "type": "wokwi-resistor",
      "id": "r1",
      "top": 61.55,
      "left": 278.4,
      "attrs": { "value": "220" }
    },
    {
      "type": "wokwi-resistor",
      "id": "r3",
      "top": 167.15,
      "left": 268.8,
      "attrs": { "value": "220" }
    },
    {
      "type": "wokwi-7segment",
      "id": "display1",
      "top": 81.78,
      "left": 235.48,
      "attrs": { "digits": "1", "common": "cathode", "colon": "", "color": "#00ff00" }
    },
    {
      "type": "wokwi-resistor",
      "id": "r5",
      "top": 167.15,
      "left": 192,
      "rotate": 180,
      "attrs": { "value": "220" }
    },
    {
      "type": "wokwi-resistor",
      "id": "r6",
      "top": 71.15,
      "left": 268.8,
      "attrs": { "value": "220" }
    },
    {
      "type": "wokwi-resistor",
      "id": "r7",
      "top": 71.15,
      "left": 192,
      "rotate": 180,
      "attrs": { "value": "220" }
    },
    {
      "type": "wokwi-resistor",
      "id": "r8",
      "top": 61.55,
      "left": 182.4,
      "rotate": 180,
      "attrs": { "value": "220" }
    },
    {
      "type": "wokwi-resistor",
      "id": "r9",
      "top": 157.55,
      "left": 182.4,
      "rotate": 180,
      "attrs": { "value": "220" }
    },
    { "type": "wokwi-potentiometer", "id": "pot1", "top": -1.3, "left": 374.2, "attrs": {} }
  ],
  "connections": [
    [ "display1:COM.1", "bb1:13b.h", "green", [ "h0" ] ],
    [ "bb1:13t.a", "bb1:13b.i", "green", [ "v0" ] ],
    [ "uno:A0", "bb1:29t.e", "green", [ "v28.7", "h426.2", "v-124.8", "h-38.4" ] ],
    [ "bb1:28t.e", "bb1:28b.f", "green", [ "v0" ] ],
    [ "bb1:30t.e", "bb1:30b.f", "green", [ "v28.8" ] ],
    [ "bb1:30b.j", "bb1:bp.25", "green", [ "v28.8" ] ],
    [ "bb1:13b.j", "bb1:bn.10", "green", [ "v0" ] ],
    [ "uno:GND.3", "bb1:bn.1", "black", [ "v0" ] ],
    [ "uno:5V", "bb1:bp.1", "red", [ "v38.3", "h138.2", "v-48" ] ],
    [ "bb1:28b.j", "bb1:bn.23", "green", [ "v0" ] ],
    [ "r1:1", "bb1:15t.a", "", [ "$bb" ] ],
    [ "r1:2", "bb1:21t.a", "", [ "$bb" ] ],
    [ "pot1:GND", "bb1:28t.a", "", [ "$bb" ] ],
    [ "pot1:SIG", "bb1:29t.a", "", [ "$bb" ] ],
    [ "pot1:VCC", "bb1:30t.a", "", [ "$bb" ] ],
    [ "display1:COM.2", "bb1:13t.c", "", [ "$bb" ] ],
    [ "display1:A", "bb1:14t.c", "", [ "$bb" ] ],
    [ "display1:B", "bb1:15t.c", "", [ "$bb" ] ],
    [ "display1:C", "bb1:14b.h", "", [ "$bb" ] ],
    [ "display1:D", "bb1:12b.h", "", [ "$bb" ] ],
    [ "display1:E", "bb1:11b.h", "", [ "$bb" ] ],
    [ "display1:F", "bb1:12t.c", "", [ "$bb" ] ],
    [ "display1:G", "bb1:11t.c", "", [ "$bb" ] ],
    [ "display1:DP", "bb1:15b.h", "", [ "$bb" ] ],
    [ "r6:1", "bb1:14t.b", "", [ "$bb" ] ],
    [ "r6:2", "bb1:20t.b", "", [ "$bb" ] ],
    [ "r3:1", "bb1:14b.j", "", [ "$bb" ] ],
    [ "r3:2", "bb1:20b.j", "", [ "$bb" ] ],
    [ "r8:1", "bb1:11t.a", "", [ "$bb" ] ],
    [ "r8:2", "bb1:5t.a", "", [ "$bb" ] ],
    [ "r7:1", "bb1:12t.b", "", [ "$bb" ] ],
    [ "r7:2", "bb1:6t.b", "", [ "$bb" ] ],
    [ "r9:1", "bb1:11b.i", "", [ "$bb" ] ],
    [ "r9:2", "bb1:5b.i", "", [ "$bb" ] ],
    [ "r5:1", "bb1:12b.j", "", [ "$bb" ] ],
    [ "r5:2", "bb1:6b.j", "", [ "$bb" ] ],
    [ "bb1:14t.a", "uno:1", "green", [ "v0" ] ],
    [ "display1:B", "uno:2", "green", [ "v-95.16", "h-201.6" ] ],
    [ "bb1:14b.i", "uno:3", "green", [ "v0" ] ],
    [ "display1:D", "uno:4", "green", [ "v0" ] ],
    [ "display1:E", "uno:5", "green", [ "v-48", "h-240" ] ],
    [ "display1:F", "uno:6", "green", [ "v-8.76", "h-259.2" ] ],
    [ "display1:G", "uno:7", "green", [ "v-8.76", "h-268.8" ] ]
  ],
  "dependencies": {}
}