{
  "version": 1,
  "author": "Anonymous maker",
  "editor": "wokwi",
  "parts": [
    { "type": "wokwi-breadboard-half", "id": "bb1", "top": 237, "left": 2.8, "attrs": {} },
    { "type": "wokwi-arduino-uno", "id": "uno", "top": -18.6, "left": -67.8, "attrs": {} },
    {
      "type": "wokwi-led",
      "id": "led1",
      "top": 284.4,
      "left": 176.6,
      "attrs": { "color": "red" }
    },
    {
      "type": "wokwi-resistor",
      "id": "r1",
      "top": 272.2,
      "left": 47.15,
      "rotate": 90,
      "attrs": { "value": "10000" }
    },
    {
      "type": "wokwi-ntc-temperature-sensor",
      "id": "ntc1",
      "top": 213.8,
      "left": -115.8,
      "attrs": {}
    },
    {
      "type": "wokwi-buzzer",
      "id": "bz1",
      "top": 213.6,
      "left": 270.6,
      "attrs": { "volume": "0.1" }
    },
    {
      "type": "wokwi-resistor",
      "id": "r2",
      "top": 254.4,
      "left": 172.25,
      "rotate": 90,
      "attrs": { "value": "220" }
    }
  ],
  "connections": [
    [ "uno:5V", "bb1:tp.1", "red", [ "v47.9", "h-53.8" ] ],
    [ "ntc1:VCC", "bb1:6t.e", "red", [ "h9.6", "v28.8", "h-19.2", "v67.2", "h67.2", "v-9.6" ] ],
    [ "ntc1:OUT", "uno:A0", "#8f4814", [ "h0", "v9.5", "h124.8" ] ],
    [ "bz1:1", "bb1:29t.b", "", [ "$bb" ] ],
    [ "bz1:2", "bb1:30t.b", "", [ "$bb" ] ],
    [ "bb1:29t.c", "bb1:tn.21", "black", [ "v-19.2", "h-30.4" ] ],
    [ "uno:GND.2", "bb1:tn.6", "black", [ "v0" ] ],
    [ "ntc1:GND", "bb1:tn.2", "black", [ "h9.6", "v-28.8", "h19.2" ] ],
    [ "r1:1", "bb1:tp.5", "", [ "$bb" ] ],
    [ "r1:2", "bb1:6t.c", "", [ "$bb" ] ],
    [ "bb1:18t.a", "bb1:tn.15", "green", [ "v0" ] ],
    [ "led1:A", "bb1:19t.e", "", [ "$bb" ] ],
    [ "led1:C", "bb1:18t.e", "", [ "$bb" ] ],
    [ "r2:2", "bb1:19t.a", "", [ "$bb" ] ],
    [ "r2:1", "uno:2", "green", [ "h28.8", "v-259.2", "h-61.7" ] ],
    [ "bb1:30t.c", "uno:3", "green", [ "v0", "h38.4", "v-345.6", "h-192" ] ]
  ],
  "dependencies": {}
}