{
  "version": 1,
  "author": "Anonymous maker",
  "editor": "wokwi",
  "parts": [
    { "type": "wokwi-breadboard-half", "id": "bb1", "top": 121.8, "left": 22, "attrs": {} },
    { "type": "wokwi-arduino-uno", "id": "uno", "top": -114.6, "left": -135, "attrs": {} },
    { "type": "wokwi-led", "id": "led1", "top": 207.6, "left": 42.2, "attrs": { "color": "red" } },
    {
      "type": "wokwi-led",
      "id": "led2",
      "top": 207.6,
      "left": 109.4,
      "attrs": { "color": "yellow" }
    },
    { "type": "wokwi-led", "id": "led3", "top": 207.6, "left": 71, "attrs": { "color": "blue" } },
    {
      "type": "wokwi-led",
      "id": "led4",
      "top": 207.6,
      "left": 138.2,
      "attrs": { "color": "green" }
    },
    {
      "type": "wokwi-resistor",
      "id": "r1",
      "top": 283.2,
      "left": 57.05,
      "rotate": 90,
      "attrs": { "value": "220" }
    },
    {
      "type": "wokwi-resistor",
      "id": "r4",
      "top": 283.2,
      "left": 124.25,
      "rotate": 90,
      "attrs": { "value": "220" }
    },
    {
      "type": "wokwi-resistor",
      "id": "r5",
      "top": 283.2,
      "left": 95.45,
      "rotate": 90,
      "attrs": { "value": "220" }
    },
    {
      "type": "wokwi-resistor",
      "id": "r6",
      "top": 283.2,
      "left": 28.25,
      "rotate": 90,
      "attrs": { "value": "220" }
    },
    { "type": "wokwi-photoresistor-sensor", "id": "ldr1", "top": 32, "left": 173.6, "attrs": {} }
  ],
  "connections": [
    [ "ldr1:VCC", "bb1:bp.25", "red", [ "h19.2", "v259.2", "h-38.4" ] ],
    [ "ldr1:GND", "bb1:bn.25", "black", [ "h9.6", "v268.4" ] ],
    [ "uno:A0", "bb1:30t.a", "green", [ "v76.7", "h253.4" ] ],
    [ "r6:1", "bb1:2b.h", "", [ "$bb" ] ],
    [ "r6:2", "bb1:bn.1", "", [ "$bb" ] ],
    [ "led4:A", "bb1:13b.g", "", [ "$bb" ] ],
    [ "led4:C", "bb1:12b.g", "", [ "$bb" ] ],
    [ "led2:A", "bb1:10b.g", "", [ "$bb" ] ],
    [ "led2:C", "bb1:9b.g", "", [ "$bb" ] ],
    [ "r5:1", "bb1:9b.h", "", [ "$bb" ] ],
    [ "r5:2", "bb1:bn.7", "", [ "$bb" ] ],
    [ "r4:1", "bb1:12b.h", "", [ "$bb" ] ],
    [ "r4:2", "bb1:bn.10", "", [ "$bb" ] ],
    [ "ldr1:DO", "bb1:30t.c", "green", [ "h28.8", "v124.2" ] ],
    [ "uno:5V", "bb1:bp.1", "red", [ "v230.3", "h3.8" ] ],
    [ "uno:GND.2", "r6:2", "black", [ "v0" ] ],
    [ "led1:A", "bb1:3b.g", "", [ "$bb" ] ],
    [ "led1:C", "bb1:2b.g", "", [ "$bb" ] ],
    [ "led3:A", "bb1:6b.g", "", [ "$bb" ] ],
    [ "led3:C", "bb1:5b.g", "", [ "$bb" ] ],
    [ "r1:1", "bb1:5b.h", "", [ "$bb" ] ],
    [ "r1:2", "bb1:bn.4", "", [ "$bb" ] ],
    [ "uno:9", "bb1:13b.f", "green", [ "v0" ] ],
    [ "uno:10", "bb1:10b.f", "green", [ "v0" ] ],
    [ "uno:11", "bb1:6b.f", "green", [ "v0" ] ],
    [ "uno:12", "bb1:3b.f", "green", [ "v0" ] ]
  ],
  "dependencies": {}
}